INSERT INTO gestion_usuarios.usuarios (nom_usuario,email_usuario,clv_usuario,mvl_usuario,rol_usuario,cuenta_confirmada)
VALUES
	('Administrador','admin@admin','$2a$10$fJPADIeHnjjxEJ9YC4/Gsuo26YA/cCAKH3op5YYMarf/s71LQAWjS','123456789','ROLE_ADMIN','true'),

  ('Amaya Rivas','gravida.mauris@yahoo.edu','VBF73UME8DYUHQ55MTI2GJEOR31GGB1HAWCS58KUQ4MF','1-734-711-6542','ROLE_USER','true'),
  ('Ainsley Witt','molestie.tellus.aenean@yahoo.org','QQH33GII0QCRYK42ZEE7LHOWJ27CNT4JOHXB38SMQ4VR','1-482-874-8726','ROLE_USER','true'),
  ('Amber Kaufman','nulla.donec.non@aol.ca','JMR13GGA7KPVXG59HFN1MKHPT12IBF7PHEWF04RGY6LH','(745) 694-8302','ROLE_USER','true'),
  ('Flynn Galloway','tempor.erat.neque@aol.couk','AMD53EDK2QJIJS06FOC3UAOCQ17XRI4QFDWL18KIM8RS','1-755-734-4229','ROLE_USER','true'),
  ('Rajah Vazquez','eu.nulla@icloud.couk','JOQ22LVE3XNIXI72JEA3RPOLS18JDE6OKVRF85QJH8BT','(577) 244-1772','ROLE_USER','true'),
  ('Kenyon Fleming','vitae.erat@outlook.net','KEK00XCS8IJBKV18KYM4NGDTM71SBI1HCVWT85LZH3JO','(554) 647-4888','ROLE_USER','true'),
  ('Hunter Clayton','feugiat@google.net','KFQ12SQQ4VCJKQ79PWE8DQCVW44MBS3XIVHM11NTW1XF','1-702-886-9655','ROLE_USER','true'),
  ('Jescie Vincent','ut.tincidunt@aol.couk','CAM94VLM4ODAZU52RIR4GGECH65PNN5BBHYA01YWI0RY','1-725-664-1827','ROLE_USER','true'),
  ('Hiram Russell','nec@hotmail.couk','TZU72WNZ6WZOIM87CNJ3MEVYX75DTS7SUENC81KYO7MZ','1-678-377-6874','ROLE_USER','true'),
  ('Miranda Delacruz','nonummy.ut@hotmail.couk','FWW04WUM6VMMRD67UFL1LOEAC88OPN6XHUXS75MKQ8LW','1-839-746-1215','ROLE_USER','true');



INSERT INTO gestion_logica_negocio.productos (nom_producto,desc_producto,precio_producto,cant_producto)
VALUES
  ('Malesuada Industries','pede ac urna. Ut tincidunt vehicula risus. Nulla eget metus eu',10,86),
  ('Sem Egestas Corporation','iaculis nec, eleifend non, dapibus rutrum, justo. Praesent luctus. Curabitur egestas nunc sed libero.',9,52),
  ('Tincidunt Adipiscing LLP','diam vel arcu. Curabitur ut odio vel est tempor bibendum. Donec felis orci, adipiscing non, luctus sit',10,66),
  ('Velit Quisque Incorporated','velit dui, semper et, lacinia vitae, sodales at, velit. Pellentesque ultricies dignissim lacus. Aliquam rutrum lorem',3,54),
  ('Amet Industries','augue, eu tempor erat neque non quam. Pellentesque habitant morbi',5,27),
  ('Ante Blandit Limited','nulla. Integer urna. Vivamus molestie dapibus ligula. Aliquam erat volutpat. Nulla dignissim. Maecenas ornare egestas',19,81),
  ('Proin Non Foundation','libero. Proin sed turpis nec mauris blandit mattis. Cras eget nisi',14,94),
  ('Odio Phasellus Inc.','interdum. Curabitur dictum. Phasellus in felis. Nulla tempor augue ac ipsum. Phasellus vitae mauris sit amet lorem',10,58),
  ('Dui Foundation','elit erat vitae risus. Duis a mi fringilla mi lacinia mattis. Integer eu',3,21),
  ('Placerat Velit Limited','accumsan neque et nunc. Quisque ornare tortor at risus. Nunc ac sem ut dolor dapibus',10,89),
  ('Phasellus In Felis PC','laoreet lectus quis massa. Mauris vestibulum, neque sed dictum eleifend, nunc risus',19,98),
  ('Sagittis Felis PC','a, auctor non, feugiat nec, diam. Duis mi enim, condimentum eget, volutpat ornare,',5,59),
  ('Egestas Aliquam Nec Incorporated','arcu. Vestibulum ante ipsum primis in faucibus orci luctus et ultrices posuere cubilia Curae',6,96),
  ('Non Vestibulum Industries','malesuada ut, sem. Nulla interdum. Curabitur dictum. Phasellus in felis. Nulla tempor',19,41),
  ('Dictum Ltd','facilisis non, bibendum sed, est. Nunc laoreet lectus quis massa. Mauris vestibulum, neque sed dictum eleifend, nunc',5,87),
  ('Ultricies PC','urna, nec luctus felis purus ac tellus. Suspendisse sed dolor. Fusce mi lorem, vehicula et, rutrum',19,64),
  ('Cras Inc.','quis turpis vitae purus gravida sagittis. Duis gravida. Praesent eu nulla',18,46),
  ('Non Corp.','ante ipsum primis in faucibus orci luctus et ultrices posuere cubilia Curae',6,87),
  ('In Nec Orci Consulting','id, mollis nec, cursus a, enim. Suspendisse aliquet, sem ut cursus luctus, ipsum leo elementum',14,86),
  ('Neque Vitae Institute','sociis natoque penatibus et magnis dis parturient montes, nascetur ridiculus mus. Donec',17,46);




INSERT INTO gestion_logica_negocio.compras (cant_compra,fch_compra,id_usuario)
VALUES
  (3,'2023-11-24 13:04:24',7),
  (9,'2024-08-03 11:55:40',9),
  (3,'2024-04-25 16:39:58',11),
  (3,'2023-09-13 04:48:34',4),
  (3,'2024-08-24 14:52:52',6),
  (9,'2024-03-13 08:11:48',7),
  (7,'2024-02-08 10:54:53',4),
  (9,'2023-04-10 02:25:03',10),
  (4,'2024-11-22 22:21:36',10),
  (4,'2023-09-14 08:26:07',8),
  (6,'2025-01-09 05:50:21',6),
  (8,'2023-04-18 02:47:35',4),
  (2,'2023-03-01 03:24:01',10),
  (4,'2024-03-29 22:04:52',8),
  (2,'2023-10-10 08:07:45',3),
  (6,'2023-06-04 08:19:26',10),
  (3,'2023-03-28 12:45:06',7),
  (7,'2023-12-03 00:56:13',6),
  (4,'2023-07-30 01:01:08',4),
  (2,'2024-07-06 16:26:16',6),
  (5,'2024-11-19 13:05:51',3),
  (5,'2024-07-08 19:43:00',2),
  (8,'2023-09-11 07:31:03',11),
  (5,'2023-10-21 11:57:47',5),
  (5,'2023-09-08 01:02:16',8),
  (7,'2023-12-29 00:51:08',4),
  (6,'2023-11-20 18:06:11',3),
  (3,'2025-02-10 19:36:14',6),
  (3,'2023-10-30 11:44:31',8),
  (5,'2023-03-13 01:00:08',6),
  (2,'2024-05-11 22:37:35',8),
  (1,'2025-01-22 05:36:26',4),
  (8,'2024-05-16 06:21:16',6),
  (6,'2023-07-06 19:22:19',9),
  (3,'2024-09-10 03:31:08',5),
  (5,'2024-01-07 20:27:51',6),
  (1,'2024-07-03 18:54:47',5),
  (8,'2024-05-27 01:09:31',9),
  (4,'2023-04-15 09:06:25',2),
  (8,'2024-05-20 02:14:19',4),
  (10,'2023-10-30 23:32:45',5),
  (1,'2023-04-15 08:16:57',3),
  (1,'2024-11-15 13:25:14',2),
  (8,'2024-08-17 01:22:57',9),
  (6,'2024-08-06 06:04:49',10),
  (5,'2023-04-12 17:51:53',3),
  (4,'2024-09-16 17:30:13',9),
  (2,'2024-02-19 21:52:15',2),
  (7,'2024-10-26 16:18:27',4),
  (8,'2024-01-14 01:58:31',7);



INSERT INTO gestion_logica_negocio.compras_productos (id_producto,id_compra)
VALUES
  (11,8),
  (11,17),
  (14,24),
  (6,49),
  (4,38),
  (12,13),
  (9,14),
  (17,25),
  (14,1),
  (7,47),
  (13,47),
  (11,24),
  (9,28),
  (4,43),
  (3,45),
  (6,6),
  (4,22),
  (13,9),
  (8,9),
  (19,2),
  (10,36),
  (13,17),
  (12,28),
  (16,6),
  (14,36),
  (19,27),
  (3,24),
  (11,20),
  (8,6),
  (9,7),
  (13,47),
  (9,23),
  (1,23),
  (13,37),
  (7,26),
  (15,46),
  (11,44),
  (6,30),
  (20,43),
  (19,1),
  (16,10),
  (1,5),
  (14,4),
  (15,16),
  (19,21),
  (2,7),
  (4,42),
  (15,47),
  (16,2),
  (16,9),
  (14,14),
  (4,5),
  (7,45),
  (12,39),
  (1,32),
  (6,38),
  (19,25),
  (17,13),
  (2,25),
  (6,35),
  (15,4),
  (13,14),
  (4,29),
  (13,16),
  (20,14),
  (18,28),
  (5,39),
  (2,15),
  (13,43),
  (14,7),
  (16,49),
  (20,50),
  (17,35),
  (12,2),
  (10,28),
  (14,32),
  (20,13),
  (2,12),
  (8,48),
  (15,47),
  (6,15),
  (12,14),
  (11,33),
  (18,31),
  (11,26),
  (11,47),
  (14,12),
  (17,7),
  (3,42),
  (19,33),
  (16,17),
  (15,4),
  (12,45),
  (3,45),
  (18,10),
  (17,23),
  (3,39),
  (13,43),
  (1,20),
  (5,27),
  (8,1),
  (17,22),
  (8,9),
  (10,6),
  (13,44),
  (5,5),
  (16,28),
  (18,39),
  (9,2),
  (4,17),
  (16,48),
  (2,49),
  (5,24),
  (19,21),
  (2,21),
  (14,45),
  (11,18),
  (19,30),
  (9,36),
  (17,44),
  (3,4),
  (16,22),
  (18,33),
  (9,3),
  (13,45),
  (12,4),
  (6,4);




INSERT INTO gestion_logica_negocio.carritos (id_usuario, cant_carrito)
VALUES
  (8, 2),
  (2, 4),
  (7, 6),
  (5, 4),
  (3, 4),
  (4, 2),
  (9, 6),
  (11, 6);




INSERT INTO gestion_logica_negocio.productos_carritos (id_carrito,id_producto)
VALUES
  (6,10),
  (4,4),
  (8,16),
  (6,15),
  (3,12),
  (7,10),
  (2,16),
  (7,10),
  (2,19),
  (2,8),
  (3,13),
  (5,5),
  (7,11),
  (1,13),
  (2,19),
  (3,12),
  (4,5),
  (3,12),
  (7,20),
  (4,10),
  (7,13),
  (4,4),
  (4,18),
  (4,11),
  (4,20);


